<?xml version="1.0" encoding="UTF-8" ?>
<!DOCTYPE mapper PUBLIC "-//mybatis.org//DTD Mapper 3.0//EN" "http://mybatis.org/dtd/mybatis-3-mapper.dtd" >
<mapper namespace="com.xxxx.crm.dao.CusDevPlanMapper" >
  <resultMap id="BaseResultMap" type="com.xxxx.crm.vo.CusDevPlan" >
    <id column="id" property="id" jdbcType="INTEGER" />
    <result column="sale_chance_id" property="saleChanceId" jdbcType="INTEGER" />
    <result column="plan_item" property="planItem" jdbcType="VARCHAR" />
    <result column="plan_date" property="planDate" jdbcType="TIMESTAMP" />
    <result column="exe_affect" property="exeAffect" jdbcType="VARCHAR" />
    <result column="create_date" property="createDate" jdbcType="TIMESTAMP" />
    <result column="update_date" property="updateDate" jdbcType="TIMESTAMP" />
    <result column="is_valid" property="isValid" jdbcType="INTEGER" />
  </resultMap>
  <sql id="Base_Column_List" >
    id, sale_chance_id, plan_item, plan_date, exe_affect, create_date, update_date, is_valid
  </sql>
  <select id="selectByPrimaryKey" resultMap="BaseResultMap" parameterType="java.lang.Integer" >
    select 
    <include refid="Base_Column_List" />
    from t_cus_dev_plan
    where id = #{id,jdbcType=INTEGER}
  </select>
  <delete id="deleteByPrimaryKey" parameterType="java.lang.Integer" >
    delete from t_cus_dev_plan
    where id = #{id,jdbcType=INTEGER}
  </delete>
  <insert id="insert" parameterType="com.xxxx.crm.vo.CusDevPlan" >
    insert into t_cus_dev_plan (id, sale_chance_id, plan_item, 
      plan_date, exe_affect, create_date, 
      update_date, is_valid)
    values (#{id,jdbcType=INTEGER}, #{saleChanceId,jdbcType=INTEGER}, #{planItem,jdbcType=VARCHAR}, 
      #{planDate,jdbcType=TIMESTAMP}, #{exeAffect,jdbcType=VARCHAR}, #{createDate,jdbcType=TIMESTAMP}, 
      #{updateDate,jdbcType=TIMESTAMP}, #{isValid,jdbcType=INTEGER})
  </insert>
  <insert id="insertSelective" parameterType="com.xxxx.crm.vo.CusDevPlan" >
    insert into t_cus_dev_plan
    <trim prefix="(" suffix=")" suffixOverrides="," >
      <if test="id != null" >
        id,
      </if>
      <if test="saleChanceId != null" >
        sale_chance_id,
      </if>
      <if test="planItem != null" >
        plan_item,
      </if>
      <if test="planDate != null" >
        plan_date,
      </if>
      <if test="exeAffect != null" >
        exe_affect,
      </if>
      <if test="createDate != null" >
        create_date,
      </if>
      <if test="updateDate != null" >
        update_date,
      </if>
      <if test="isValid != null" >
        is_valid,
      </if>
    </trim>
    <trim prefix="values (" suffix=")" suffixOverrides="," >
      <if test="id != null" >
        #{id,jdbcType=INTEGER},
      </if>
      <if test="saleChanceId != null" >
        #{saleChanceId,jdbcType=INTEGER},
      </if>
      <if test="planItem != null" >
        #{planItem,jdbcType=VARCHAR},
      </if>
      <if test="planDate != null" >
        #{planDate,jdbcType=TIMESTAMP},
      </if>
      <if test="exeAffect != null" >
        #{exeAffect,jdbcType=VARCHAR},
      </if>
      <if test="createDate != null" >
        #{createDate,jdbcType=TIMESTAMP},
      </if>
      <if test="updateDate != null" >
        #{updateDate,jdbcType=TIMESTAMP},
      </if>
      <if test="isValid != null" >
        #{isValid,jdbcType=INTEGER},
      </if>
    </trim>
  </insert>
  <update id="updateByPrimaryKeySelective" parameterType="com.xxxx.crm.vo.CusDevPlan" >
    update t_cus_dev_plan
    <set >
      <if test="saleChanceId != null" >
        sale_chance_id = #{saleChanceId,jdbcType=INTEGER},
      </if>
      <if test="planItem != null" >
        plan_item = #{planItem,jdbcType=VARCHAR},
      </if>
      <if test="planDate != null" >
        plan_date = #{planDate,jdbcType=TIMESTAMP},
      </if>
      <if test="exeAffect != null" >
        exe_affect = #{exeAffect,jdbcType=VARCHAR},
      </if>
      <if test="createDate != null" >
        create_date = #{createDate,jdbcType=TIMESTAMP},
      </if>
      <if test="updateDate != null" >
        update_date = #{updateDate,jdbcType=TIMESTAMP},
      </if>
      <if test="isValid != null" >
        is_valid = #{isValid,jdbcType=INTEGER},
      </if>
    </set>
    where id = #{id,jdbcType=INTEGER}
  </update>
  <update id="updateByPrimaryKey" parameterType="com.xxxx.crm.vo.CusDevPlan" >
    update t_cus_dev_plan
    set sale_chance_id = #{saleChanceId,jdbcType=INTEGER},
      plan_item = #{planItem,jdbcType=VARCHAR},
      plan_date = #{planDate,jdbcType=TIMESTAMP},
      exe_affect = #{exeAffect,jdbcType=VARCHAR},
      create_date = #{createDate,jdbcType=TIMESTAMP},
      update_date = #{updateDate,jdbcType=TIMESTAMP},
      is_valid = #{isValid,jdbcType=INTEGER}
    where id = #{id,jdbcType=INTEGER}
  </update>

  <select id="selectByParams" parameterType="com.xxxx.crm.query.CusDevPlanQuery" resultType="com.xxxx.crm.vo.CusDevPlan">
    select
        <include refid="Base_Column_List"></include>
    from
        t_cus_dev_plan
    where
        is_valid = 1
    and
        sale_chance_id = #{saleChanceId}
  </select>

</mapper>