<?xml version="1.0" encoding="UTF-8" ?>
<!DOCTYPE mapper PUBLIC "-//mybatis.org//DTD Mapper 3.0//EN" "http://mybatis.org/dtd/mybatis-3-mapper.dtd" >
<mapper namespace="com.xxxx.crm.dao.OrderDetailsMapper" >
  <resultMap id="BaseResultMap" type="com.xxxx.crm.vo.OrderDetails" >
    <id column="id" property="id" jdbcType="INTEGER" />
    <result column="order_id" property="orderId" jdbcType="INTEGER" />
    <result column="goods_name" property="goodsName" jdbcType="VARCHAR" />
    <result column="goods_num" property="goodsNum" jdbcType="INTEGER" />
    <result column="unit" property="unit" jdbcType="VARCHAR" />
    <result column="price" property="price" jdbcType="REAL" />
    <result column="sum" property="sum" jdbcType="REAL" />
    <result column="is_valid" property="isValid" jdbcType="INTEGER" />
    <result column="create_date" property="createDate" jdbcType="TIMESTAMP" />
    <result column="update_date" property="updateDate" jdbcType="TIMESTAMP" />
  </resultMap>
  <sql id="Base_Column_List" >
    id, order_id, goods_name, goods_num, unit, price, sum, is_valid, create_date, update_date
  </sql>
  <select id="selectByPrimaryKey" resultMap="BaseResultMap" parameterType="java.lang.Integer" >
    select 
    <include refid="Base_Column_List" />
    from t_order_details
    where id = #{id,jdbcType=INTEGER}
  </select>
  <delete id="deleteByPrimaryKey" parameterType="java.lang.Integer" >
    delete from t_order_details
    where id = #{id,jdbcType=INTEGER}
  </delete>
  <insert id="insert" parameterType="com.xxxx.crm.vo.OrderDetails" >
    insert into t_order_details (id, order_id, goods_name, 
      goods_num, unit, price, 
      sum, is_valid, create_date, 
      update_date)
    values (#{id,jdbcType=INTEGER}, #{orderId,jdbcType=INTEGER}, #{goodsName,jdbcType=VARCHAR}, 
      #{goodsNum,jdbcType=INTEGER}, #{unit,jdbcType=VARCHAR}, #{price,jdbcType=REAL}, 
      #{sum,jdbcType=REAL}, #{isValid,jdbcType=INTEGER}, #{createDate,jdbcType=TIMESTAMP}, 
      #{updateDate,jdbcType=TIMESTAMP})
  </insert>
  <insert id="insertSelective" parameterType="com.xxxx.crm.vo.OrderDetails" >
    insert into t_order_details
    <trim prefix="(" suffix=")" suffixOverrides="," >
      <if test="id != null" >
        id,
      </if>
      <if test="orderId != null" >
        order_id,
      </if>
      <if test="goodsName != null" >
        goods_name,
      </if>
      <if test="goodsNum != null" >
        goods_num,
      </if>
      <if test="unit != null" >
        unit,
      </if>
      <if test="price != null" >
        price,
      </if>
      <if test="sum != null" >
        sum,
      </if>
      <if test="isValid != null" >
        is_valid,
      </if>
      <if test="createDate != null" >
        create_date,
      </if>
      <if test="updateDate != null" >
        update_date,
      </if>
    </trim>
    <trim prefix="values (" suffix=")" suffixOverrides="," >
      <if test="id != null" >
        #{id,jdbcType=INTEGER},
      </if>
      <if test="orderId != null" >
        #{orderId,jdbcType=INTEGER},
      </if>
      <if test="goodsName != null" >
        #{goodsName,jdbcType=VARCHAR},
      </if>
      <if test="goodsNum != null" >
        #{goodsNum,jdbcType=INTEGER},
      </if>
      <if test="unit != null" >
        #{unit,jdbcType=VARCHAR},
      </if>
      <if test="price != null" >
        #{price,jdbcType=REAL},
      </if>
      <if test="sum != null" >
        #{sum,jdbcType=REAL},
      </if>
      <if test="isValid != null" >
        #{isValid,jdbcType=INTEGER},
      </if>
      <if test="createDate != null" >
        #{createDate,jdbcType=TIMESTAMP},
      </if>
      <if test="updateDate != null" >
        #{updateDate,jdbcType=TIMESTAMP},
      </if>
    </trim>
  </insert>
  <update id="updateByPrimaryKeySelective" parameterType="com.xxxx.crm.vo.OrderDetails" >
    update t_order_details
    <set >
      <if test="orderId != null" >
        order_id = #{orderId,jdbcType=INTEGER},
      </if>
      <if test="goodsName != null" >
        goods_name = #{goodsName,jdbcType=VARCHAR},
      </if>
      <if test="goodsNum != null" >
        goods_num = #{goodsNum,jdbcType=INTEGER},
      </if>
      <if test="unit != null" >
        unit = #{unit,jdbcType=VARCHAR},
      </if>
      <if test="price != null" >
        price = #{price,jdbcType=REAL},
      </if>
      <if test="sum != null" >
        sum = #{sum,jdbcType=REAL},
      </if>
      <if test="isValid != null" >
        is_valid = #{isValid,jdbcType=INTEGER},
      </if>
      <if test="createDate != null" >
        create_date = #{createDate,jdbcType=TIMESTAMP},
      </if>
      <if test="updateDate != null" >
        update_date = #{updateDate,jdbcType=TIMESTAMP},
      </if>
    </set>
    where id = #{id,jdbcType=INTEGER}
  </update>
  <update id="updateByPrimaryKey" parameterType="com.xxxx.crm.vo.OrderDetails" >
    update t_order_details
    set order_id = #{orderId,jdbcType=INTEGER},
      goods_name = #{goodsName,jdbcType=VARCHAR},
      goods_num = #{goodsNum,jdbcType=INTEGER},
      unit = #{unit,jdbcType=VARCHAR},
      price = #{price,jdbcType=REAL},
      sum = #{sum,jdbcType=REAL},
      is_valid = #{isValid,jdbcType=INTEGER},
      create_date = #{createDate,jdbcType=TIMESTAMP},
      update_date = #{updateDate,jdbcType=TIMESTAMP}
    where id = #{id,jdbcType=INTEGER}
  </update>

  <select id="selectByParams" parameterType="com.xxxx.crm.query.OrderDetailsQuery" resultType="com.xxxx.crm.vo.OrderDetails">
    select
        <include refid="Base_Column_List"></include>
    from
        t_order_details
    where
        is_valid = 1 and order_id=#{orderId}
  </select>
</mapper>